{
    "mu_latency": 175.7291861552853,
    "sigma_latency": 68.8618693622432,
    "mu_cpu": 46.2778297474275,
    "sigma_cpu": 17.359103234040393,
    "mu_error": 1.5189429373246024,
    "sigma_error": 1.1221810032229877,
    "mu_payload": 401.28695042095416,
    "sigma_payload": 218.75309530272355
}